{
    "rmspe": 53.12846924813359,
    "rmse": 0.06429928487885646,
    "mse": 0.00413439803593234,
    "mape": 10.100585763067826,
    "mae": 0.02871359604064172,
    "flops": 1,
    "nrmse": 0.11841238761377065
}