{
    "rmspe": 40.04181438940244,
    "rmse": 0.04685800384806818,
    "mse": 0.0021956725246255722,
    "mape": 9.091238692231505,
    "mae": 0.026130895502572648,
    "flops": 1,
    "nrmse": 0.08629284330173853
}