{
    "rmspe": 38.01162995100309,
    "rmse": 0.04159014080810914,
    "mse": 0.0017297398124383452,
    "mape": 8.661870160109956,
    "mae": 0.022233269725480054,
    "flops": 1,
    "nrmse": 0.07659164302619699
}