{
    "rmspe": 67.50344795691086,
    "rmse": 0.0419824164130257,
    "mse": 0.0017625232878766893,
    "mape": 10.293338962637137,
    "mae": 0.021043857830853323,
    "flops": 1,
    "nrmse": 0.07731405060924121
}