{
    "rmspe": 36.97964816246909,
    "rmse": 0.044811160877826564,
    "mse": 0.002008040139218454,
    "mape": 8.96361327024894,
    "mae": 0.02176490520606611,
    "flops": 1,
    "nrmse": 0.08252341470492888
}