{
    "rmspe": 47.591069618588804,
    "rmse": 0.04986221962066307,
    "mse": 0.002486240945499237,
    "mape": 9.627345668517716,
    "mae": 0.02450216868113407,
    "flops": 1,
    "nrmse": 0.09182535215016721
}