{
    "rmspe": 423.9532404397966,
    "rmse": 0.07192803938104377,
    "mse": 0.005173642849200982,
    "mape": 25.8039419246407,
    "mae": 0.05016567039892138,
    "flops": 1,
    "nrmse": 0.13246136244802026
}