{
    "rmspe": 37.289553533749924,
    "rmse": 0.04551002500715223,
    "mse": 0.0020711623761516217,
    "mape": 8.449557854075254,
    "mae": 0.02159508655702985,
    "flops": 1,
    "nrmse": 0.0838104301099522
}