{
    "rmspe": 77.77648261798421,
    "rmse": 0.04680454768663901,
    "mse": 0.0021906656841508654,
    "mape": 12.547375018559231,
    "mae": 0.02735266294940595,
    "flops": 1,
    "nrmse": 0.08619439941205266
}