{
    "rmspe": 138.48961830809216,
    "rmse": 0.04260452913901801,
    "mse": 0.0018151459031574345,
    "mape": 11.998493617380515,
    "mae": 0.023801330224429894,
    "flops": 1,
    "nrmse": 0.07845972203293514
}