{
    "rmspe": 40.61999617003279,
    "rmse": 0.04346336635831124,
    "mse": 0.0018890642151967812,
    "mape": 11.036548942812196,
    "mae": 0.023191658354582752,
    "flops": 1,
    "nrmse": 0.08004134095606447
}