{
    "rmspe": 38.48264815889569,
    "rmse": 0.017227941061568403,
    "mse": 0.00029680195322087465,
    "mape": 11.289590953137395,
    "mae": 0.01249524009658557,
    "flops": 1,
    "nrmse": 0.05075486746657906
}