{
    "rmspe": 48.342357424240916,
    "rmse": 0.0457202470967946,
    "mse": 0.002090340994591955,
    "mape": 9.024869400692063,
    "mae": 0.02266859814832862,
    "flops": 1,
    "nrmse": 0.08419757126728558
}