{
    "rmspe": 36.36174425944094,
    "rmse": 0.0432785467269701,
    "mse": 0.0018730326067985348,
    "mape": 8.826768240333786,
    "mae": 0.02422255245714348,
    "flops": 1,
    "nrmse": 0.07970098050157055
}