{
    "rmspe": 101.13855383894752,
    "rmse": 0.053703632952642286,
    "mse": 0.002884080192312126,
    "mape": 13.796234777521654,
    "mae": 0.028412861560731067,
    "flops": 1,
    "nrmse": 0.09889962871961945
}