{
    "rmspe": 106.61645014355592,
    "rmse": 0.04677917774438654,
    "mse": 0.0021882914704409086,
    "mape": 14.927129085581454,
    "mae": 0.02954359873012903,
    "flops": 1,
    "nrmse": 0.08614767859017416
}