{
    "rmspe": 52.13242589471952,
    "rmse": 0.056186770908796514,
    "mse": 0.003156953225157582,
    "mape": 11.165832334429709,
    "mae": 0.030743344024269273,
    "flops": 1,
    "nrmse": 0.10347253018682205
}