{
    "rmspe": 40.510829590054534,
    "rmse": 0.04345634405591813,
    "mse": 0.0018884538387063314,
    "mape": 11.020733611528748,
    "mae": 0.02318147532616921,
    "flops": 1,
    "nrmse": 0.08002840881234809
}