{
    "rmspe": 106.67874876375356,
    "rmse": 0.05525204077048525,
    "mse": 0.0030527880093033644,
    "mape": 13.294857568641408,
    "mae": 0.030530043306305342,
    "flops": 1,
    "nrmse": 0.10175114825138495
}