{
    "rmspe": 277.80008719075687,
    "rmse": 0.06528837381321317,
    "mse": 0.004262571755173859,
    "mape": 31.730969159510536,
    "mae": 0.043282646915289075,
    "flops": 1,
    "nrmse": 0.12023387571430241
}