{
    "rmspe": 221.599999459831,
    "rmse": 0.05805976603015846,
    "mse": 0.003370936431476742,
    "mape": 17.319853099098772,
    "mae": 0.03666816294406876,
    "flops": 1,
    "nrmse": 0.10692180376314983
}