{
    "rmspe": 46.7023487445706,
    "rmse": 0.04183010314472271,
    "mse": 0.0017497575290981412,
    "mape": 9.13637048338449,
    "mae": 0.023917954695203022,
    "flops": 1,
    "nrmse": 0.07703355327868779
}