{
    "rmspe": 29.234562299149946,
    "rmse": 0.04255221979247153,
    "mse": 0.001810691409266806,
    "mape": 8.117607066276843,
    "mae": 0.0230121986329744,
    "flops": 1,
    "nrmse": 0.07836339009657294
}