{
    "rmspe": 33.74015643602575,
    "rmse": 0.04528989346154406,
    "mse": 0.0020511744497580114,
    "mape": 9.39544180422988,
    "mae": 0.025651540458675275,
    "flops": 1,
    "nrmse": 0.0834050398796614
}