{
    "rmspe": 26.54895671457625,
    "rmse": 0.05635534561580652,
    "mse": 0.003175924979477003,
    "mape": 9.130189308002285,
    "mae": 0.027109284077412928,
    "flops": 1,
    "nrmse": 0.10378297428563209
}