{
    "rmspe": 69.34233313365841,
    "rmse": 0.04289633883502189,
    "mse": 0.0018400958854490072,
    "mape": 9.823560656590729,
    "mae": 0.022293094586173887,
    "flops": 1,
    "nrmse": 0.07899711343468664
}