{
    "rmspe": 27.659891228656786,
    "rmse": 0.044782133584160465,
    "mse": 0.002005439488349593,
    "mape": 9.293667850784656,
    "mae": 0.029130619320126148,
    "flops": 1,
    "nrmse": 0.08246995857154506
}