{
    "rmspe": 64.29145130540061,
    "rmse": 0.05087150959255832,
    "mse": 0.002587910488225753,
    "mape": 11.99921481113551,
    "mae": 0.025293868743533777,
    "flops": 1,
    "nrmse": 0.09368404211214611
}