{
    "rmspe": 337.13212088316766,
    "rmse": 0.05137990955933457,
    "mse": 0.0026398951063254005,
    "mape": 25.02907690665548,
    "mae": 0.03220437462199977,
    "flops": 1,
    "nrmse": 0.09462030219718687
}