{
    "rmspe": 97.6306604496324,
    "rmse": 0.12050511362697242,
    "mse": 0.014521482410249533,
    "mape": 29.23351077658738,
    "mae": 0.08292794241513855,
    "flops": 1,
    "nrmse": 0.22192001436909772
}