{
    "rmspe": 56.34607983471519,
    "rmse": 0.057556166896521224,
    "mse": 0.0033127123478202056,
    "mape": 13.412081963816588,
    "mae": 0.03632667610182208,
    "flops": 1,
    "nrmse": 0.10599438480465656
}