{
    "rmspe": 91.49173041892575,
    "rmse": 0.05559498140791484,
    "mse": 0.0030908019577463967,
    "mape": 18.92061332723826,
    "mae": 0.038726255820563445,
    "flops": 1,
    "nrmse": 0.10238270146017002
}