{
    "rmspe": 41.43706127382005,
    "rmse": 0.046253747704258046,
    "mse": 0.0021394091766891565,
    "mape": 9.420284613205505,
    "mae": 0.02787401326292154,
    "flops": 1,
    "nrmse": 0.08518005623336515
}