{
    "rmspe": 49.532826273363725,
    "rmse": 0.05009823861058547,
    "mse": 0.0025098335118831565,
    "mape": 9.594303753063183,
    "mae": 0.025418398664955946,
    "flops": 1,
    "nrmse": 0.09226000040747763
}