{
    "rmspe": 499.3967435412851,
    "rmse": 0.05083275143198857,
    "mse": 0.0025839686181463365,
    "mape": 30.009182475024197,
    "mae": 0.0291681911035263,
    "flops": 1,
    "nrmse": 0.09361266579215703
}