{
    "rmspe": 43.25326921157311,
    "rmse": 0.04152473603663578,
    "mse": 0.001724303702912278,
    "mape": 9.807192939200036,
    "mae": 0.023508380027792118,
    "flops": 1,
    "nrmse": 0.07647119479467956
}