{
    "rmspe": 27.84883657438868,
    "rmse": 0.04149851794750765,
    "mse": 0.0017221269918396144,
    "mape": 7.807334950366128,
    "mae": 0.02192758603061527,
    "flops": 1,
    "nrmse": 0.07642291204101936
}