{
    "rmspe": 424.98960336740527,
    "rmse": 0.05870329114983065,
    "mse": 0.0034460763918217857,
    "mape": 25.828956601377083,
    "mae": 0.03810876483207957,
    "flops": 1,
    "nrmse": 0.10810690785961669
}