{
    "rmspe": 28.481198521232397,
    "rmse": 0.041381099207725675,
    "mse": 0.0017123953716396345,
    "mape": 8.098142054621245,
    "mae": 0.023375431106247808,
    "flops": 1,
    "nrmse": 0.07620667583630296
}