{
    "rmspe": 33.153123826032996,
    "rmse": 0.04127587126831018,
    "mse": 0.0017036975489581137,
    "mape": 8.076452242645088,
    "mae": 0.021339292323764004,
    "flops": 1,
    "nrmse": 0.07601288998668826
}