{
    "rmspe": 30.99415607474733,
    "rmse": 0.042270107973404886,
    "mse": 0.001786762028083307,
    "mape": 8.82586751376878,
    "mae": 0.024159555362737735,
    "flops": 1,
    "nrmse": 0.0778438581277076
}