{
    "rmspe": 37.38162815947766,
    "rmse": 0.047419452801223234,
    "mse": 0.002248604503967438,
    "mape": 9.207871713286812,
    "mae": 0.024185352957866533,
    "flops": 1,
    "nrmse": 0.08732679743033575
}