{
    "rmspe": 41.38141775717111,
    "rmse": 0.04067705694449355,
    "mse": 0.001654622961665571,
    "mape": 8.337701010785615,
    "mae": 0.021470507686598493,
    "flops": 1,
    "nrmse": 0.07491012447453606
}