{
    "rmspe": 39.201957450991074,
    "rmse": 0.04250208444208559,
    "mse": 0.001806427181922174,
    "mape": 8.413472939885938,
    "mae": 0.02180995299885405,
    "flops": 1,
    "nrmse": 0.07827106175179839
}