{
    "rmspe": 41.11417881888721,
    "rmse": 0.04440946527326615,
    "mse": 0.001972200605857432,
    "mape": 8.802395072050553,
    "mae": 0.021793063349205905,
    "flops": 1,
    "nrmse": 0.08178365942274227
}