{
    "rmspe": 31.321035493680128,
    "rmse": 0.03950974694568987,
    "mse": 0.0015610201037124503,
    "mape": 7.764396591244719,
    "mae": 0.02006272404228921,
    "flops": 1,
    "nrmse": 0.072760427719678
}