{
    "rmspe": 199.37933931422236,
    "rmse": 0.05028014832089743,
    "mse": 0.002528093315171445,
    "mape": 18.222790322271422,
    "mae": 0.03192152070300238,
    "flops": 1,
    "nrmse": 0.09259500200459884
}