{
    "rmspe": 37.27187571374192,
    "rmse": 0.04827486203254204,
    "mse": 0.002330462304260969,
    "mape": 8.481156533223482,
    "mae": 0.0236119139841699,
    "flops": 1,
    "nrmse": 0.0889021034334765
}