{
    "rmspe": 91.32687238975569,
    "rmse": 0.0870658720307556,
    "mse": 0.00758046607247591,
    "mape": 34.472992093445285,
    "mae": 0.0627977741838258,
    "flops": 1,
    "nrmse": 0.16033891832950878
}