{
    "rmspe": 37.004440565076244,
    "rmse": 0.04400766169904099,
    "mse": 0.001936674288217239,
    "mape": 7.896062680326294,
    "mae": 0.019972355152434392,
    "flops": 1,
    "nrmse": 0.0810437053055948
}