{
    "rmspe": 21.08078372453531,
    "rmse": 0.040502396207488224,
    "mse": 0.0016404440985483563,
    "mape": 8.420490606816221,
    "mae": 0.026623901573584702,
    "flops": 1,
    "nrmse": 0.07458847245414194
}