{
    "rmspe": 53.825283671768766,
    "rmse": 0.04680983783892992,
    "mse": 0.002191160918506915,
    "mape": 11.51397307972226,
    "mae": 0.02553801883797867,
    "flops": 1,
    "nrmse": 0.08620414165980528
}