{
    "rmspe": 276.9973663586732,
    "rmse": 0.04587119772076493,
    "mse": 0.0021041667803375096,
    "mape": 25.43484805867655,
    "mae": 0.029840940923804286,
    "flops": 1,
    "nrmse": 0.08447555917694571
}