{
    "rmspe": 25.40598028341632,
    "rmse": 0.036240615898806075,
    "mse": 0.0013133822407247954,
    "mape": 7.500476346035711,
    "mae": 0.019000008755954492,
    "flops": 1,
    "nrmse": 0.0667400557448863
}