{
    "rmspe": 29.254553983516807,
    "rmse": 0.03998772545360934,
    "mse": 0.001599018186953236,
    "mape": 8.19472335161731,
    "mae": 0.02261981058768952,
    "flops": 1,
    "nrmse": 0.07364066420220572
}