{
    "rmspe": 96.98358255087761,
    "rmse": 0.08553610148674161,
    "mse": 0.00731642465755016,
    "mape": 25.142364136763813,
    "mae": 0.05630643517036549,
    "flops": 1,
    "nrmse": 0.15752172086052918
}