{
    "rmspe": 22.080228311287417,
    "rmse": 0.03691882839127532,
    "mse": 0.0013629998897844366,
    "mape": 6.522785085287504,
    "mae": 0.018408470165910854,
    "flops": 1,
    "nrmse": 0.0679890394729958
}