{
    "rmspe": 417.41477048543595,
    "rmse": 0.07418042079756049,
    "mse": 0.005502734829703144,
    "mape": 41.59766482255457,
    "mae": 0.04504516630278413,
    "flops": 1,
    "nrmse": 0.1366093068901572
}