{
    "rmspe": 269.28885366737865,
    "rmse": 0.04860126010125381,
    "mse": 0.0023620824834297257,
    "mape": 25.191959288207084,
    "mae": 0.03305284698921193,
    "flops": 1,
    "nrmse": 0.08950319215011623
}