{
    "rmspe": 38.21638813571207,
    "rmse": 0.041457617512609415,
    "mse": 0.0017187340498218192,
    "mape": 8.200095570701128,
    "mae": 0.02060283352533188,
    "flops": 1,
    "nrmse": 0.07634759054778867
}