{
    "rmspe": 32.24141193597996,
    "rmse": 0.04117772894195251,
    "mse": 0.0016956053608169134,
    "mape": 8.557303239425863,
    "mae": 0.02261551889022889,
    "flops": 1,
    "nrmse": 0.07583215287255277
}