{
    "rmspe": 287.19044889290126,
    "rmse": 0.05651466441527726,
    "mse": 0.003193907293971406,
    "mape": 29.725130963749162,
    "mae": 0.034240998305684646,
    "flops": 1,
    "nrmse": 0.10407637287431988
}