{
    "rmspe": 39.881306317633516,
    "rmse": 0.04023528153875428,
    "mse": 0.001618877880502821,
    "mape": 8.933139692965197,
    "mae": 0.020943756617372036,
    "flops": 1,
    "nrmse": 0.07409655896317482
}