{
    "rmspe": 30.811081115533344,
    "rmse": 0.044516248912081426,
    "mse": 0.0019816964172023905,
    "mape": 8.606077394736916,
    "mae": 0.026342858223057652,
    "flops": 1,
    "nrmse": 0.08198031021993273
}