{
    "rmspe": 28.64908980538294,
    "rmse": 0.03737747608467641,
    "mse": 0.001397075718460557,
    "mape": 7.107208058329421,
    "mae": 0.018769219941595434,
    "flops": 1,
    "nrmse": 0.06883367668088224
}