{
    "rmspe": 42.93980311161611,
    "rmse": 0.04079782220037446,
    "mse": 0.0016644622962933668,
    "mape": 10.552071379056539,
    "mae": 0.02283487003493371,
    "flops": 1,
    "nrmse": 0.07513252356212449
}