{
    "rmspe": 104.1158452868541,
    "rmse": 0.05360480063188628,
    "mse": 0.002873474650784276,
    "mape": 15.679347913572053,
    "mae": 0.03019242262242637,
    "flops": 1,
    "nrmse": 0.09871762092441337
}