{
    "rmse": 6.200990044118084,
    "mse": 2.2562169629055324
}