{
    "rmspe": 47.320336210243255,
    "rmse": 0.04549699554526787,
    "mse": 0.0020699766036461243,
    "mape": 9.440622388340332,
    "mae": 0.02420567750545924,
    "flops": 1,
    "nrmse": 0.08378643529113024
}