{
    "rmspe": 32.973012825046624,
    "rmse": 0.041805901292636914,
    "mse": 0.0017477333828897006,
    "mape": 7.345295163798503,
    "mae": 0.01965833248287226,
    "flops": 1,
    "nrmse": 0.07698898359030705
}