{
    "rmspe": 31.151164752064574,
    "rmse": 0.04060410633511407,
    "mse": 0.0016486934512732504,
    "mape": 7.8623571447526395,
    "mae": 0.020860756822337578,
    "flops": 1,
    "nrmse": 0.07477577996587195
}