{
    "rmspe": 209.7896312361104,
    "rmse": 0.07124113731152862,
    "mse": 0.005075299645440076,
    "mape": 28.44517276553636,
    "mae": 0.04871047397206241,
    "flops": 1,
    "nrmse": 0.1311963761536723
}