{
    "rmspe": 37.84184536109278,
    "rmse": 0.04203254437867524,
    "mse": 0.001766734786945304,
    "mape": 9.013929012887463,
    "mae": 0.022624567174245436,
    "flops": 1,
    "nrmse": 0.0774063653544202
}