{
    "rmspe": 44.80496993137526,
    "rmse": 0.06049399322280151,
    "mse": 0.003659523216040355,
    "mape": 11.061691573591546,
    "mae": 0.03159833413759284,
    "flops": 1,
    "nrmse": 0.11140463206238047
}