{
    "rmspe": 252.0601003448477,
    "rmse": 0.06825205905104346,
    "mse": 0.004658343564707124,
    "mape": 28.482157469501068,
    "mae": 0.041059438833757476,
    "flops": 1,
    "nrmse": 0.12569174427082455
}