{
    "rmspe": 29.659238748126874,
    "rmse": 0.04100158691813257,
    "mse": 0.0016811301298051797,
    "mape": 8.048325780238445,
    "mae": 0.021138502514554756,
    "flops": 1,
    "nrmse": 0.07550777294143941
}