{
    "rmspe": 31.70644859278885,
    "rmse": 0.04259068881891903,
    "mse": 0.0018139667740699947,
    "mape": 7.762831262402373,
    "mae": 0.020762357901867354,
    "flops": 1,
    "nrmse": 0.07843423395244797
}