{
    "rmspe": 76.62399218669124,
    "rmse": 0.04808481694120212,
    "mse": 0.0023121496202689186,
    "mape": 9.978646585499972,
    "mae": 0.022506682289112373,
    "flops": 1,
    "nrmse": 0.08855211986737253
}