{
    "rmspe": 57.23329327784792,
    "rmse": 0.06115344174199941,
    "mse": 0.003739743436892116,
    "mape": 12.246356936894037,
    "mae": 0.03212224881999152,
    "flops": 1,
    "nrmse": 0.11261906040032713
}