{
    "rmspe": 34.59266446165276,
    "rmse": 0.041983100718987164,
    "mse": 0.0017625807459806207,
    "mape": 8.19065716055233,
    "mae": 0.02393517102816184,
    "flops": 1,
    "nrmse": 0.07731531081459042
}