{
    "rmse": 8.434044921813275,
    "mse": 4.173790167250131
}