{
    "rmspe": 6601.557844169982,
    "rmse": 0.43331768126713166,
    "mse": 0.18776421289872353,
    "mape": 1181.9725168737957,
    "mae": 0.36359265877008395,
    "flops": 1,
    "nrmse": 0.8735725742644531
}