{
    "rmspe": 29.323207708343414,
    "rmse": 0.05040740045809055,
    "mse": 0.0025409060209423077,
    "mape": 10.399486185325785,
    "mae": 0.030454742543965452,
    "flops": 1,
    "nrmse": 0.09282934721422881
}