{
    "rmspe": 37.151517482923204,
    "rmse": 0.05065662263554405,
    "mse": 0.002566093416839914,
    "mape": 9.007311030856078,
    "mae": 0.024948752232507643,
    "flops": 1,
    "nrmse": 0.09328831022033647
}