{
    "rmspe": 31.364851382150295,
    "rmse": 0.04616736956996249,
    "mse": 0.0021314260130094985,
    "mape": 9.228259847209982,
    "mae": 0.027339202207524612,
    "flops": 1,
    "nrmse": 0.08502098384027662
}