{
    "rmspe": 43.446875819927094,
    "rmse": 0.05378932981442683,
    "mse": 0.002893292001885187,
    "mape": 10.455930346716409,
    "mae": 0.028880481532347752,
    "flops": 1,
    "nrmse": 0.09905744649370564
}