{
    "rmspe": 84.3047692053942,
    "rmse": 0.0638754509577402,
    "mse": 0.0040800732350546745,
    "mape": 21.336477258886784,
    "mae": 0.04006455699582143,
    "flops": 1,
    "nrmse": 0.11763186281251295
}