{
    "rmspe": 72.748768819475,
    "rmse": 0.06923883068440122,
    "mse": 0.00479401567454318,
    "mape": 21.392635437316546,
    "mae": 0.049294293751794206,
    "flops": 1,
    "nrmse": 0.1275089648721979
}