{
    "rmspe": 30.570799498545803,
    "rmse": 0.041976973345557896,
    "mse": 0.0017620662912536781,
    "mape": 7.728000221024052,
    "mae": 0.021519029769861635,
    "flops": 1,
    "nrmse": 0.07730402675569416
}