{
    "rmspe": 72.760710719579,
    "rmse": 0.06924398517185516,
    "mse": 0.004794729482480099,
    "mape": 21.394344855301753,
    "mae": 0.049300967743735484,
    "flops": 1,
    "nrmse": 0.1275184572820668
}