{
    "rmspe": 28.147107959923666,
    "rmse": 0.041633800204871424,
    "mse": 0.001733373319499152,
    "mape": 8.06067335945555,
    "mae": 0.022103581821778802,
    "flops": 1,
    "nrmse": 0.0766720453731615
}