{
    "rmspe": 37.1621815887622,
    "rmse": 0.04423445536667556,
    "mse": 0.001956687041586412,
    "mape": 8.62879016346522,
    "mae": 0.023000490268669183,
    "flops": 1,
    "nrmse": 0.0814613643780229
}