{
    "rmspe": 33.16335479878989,
    "rmse": 0.042872564830153885,
    "mse": 0.0018380568151157477,
    "mape": 7.4737431030166945,
    "mae": 0.01988905212462166,
    "flops": 1,
    "nrmse": 0.07895333166192096
}