{
    "rmspe": 77.49491183249239,
    "rmse": 0.04570293578670041,
    "mse": 0.0020887583395232615,
    "mape": 12.626658468916114,
    "mae": 0.028308388519425347,
    "flops": 1,
    "nrmse": 0.08416569107507446
}