{
    "rmspe": 121.61912854386776,
    "rmse": 0.043579966870433334,
    "mse": 0.0018992135124280668,
    "mape": 16.380811059500605,
    "mae": 0.028111602477964976,
    "flops": 1,
    "nrmse": 0.08025607032768
}