{
    "rmspe": 25.945844375312895,
    "rmse": 0.04195506270549006,
    "mse": 0.0017602272866216028,
    "mape": 8.798005084540646,
    "mae": 0.02468283462284238,
    "flops": 1,
    "nrmse": 0.07726367652148133
}