{
    "rmspe": 86.31477109407439,
    "rmse": 0.09269300765908453,
    "mse": 0.008591993668887103,
    "mape": 26.853135721283568,
    "mae": 0.0650419549303541,
    "flops": 1,
    "nrmse": 0.1707017484361318
}