{
    "rmse": 2.0025453804233315,
    "mse": 1.0156407597036152
}