{
    "rmspe": 63.074958202460095,
    "rmse": 0.06572217642896136,
    "mse": 0.004319404474559523,
    "mape": 17.924591997243656,
    "mae": 0.04343079487059854,
    "flops": 1,
    "nrmse": 0.12103275868136218
}