{
    "rmspe": 41.8582893162523,
    "rmse": 0.0613572267859665,
    "mse": 0.0037647092788645254,
    "mape": 12.066177774856504,
    "mae": 0.035768003320906475,
    "flops": 1,
    "nrmse": 0.11299434721201693
}