{
    "rmspe": 217.4871644714395,
    "rmse": 0.04956781461289589,
    "mse": 0.0024569682454984153,
    "mape": 22.097897970121576,
    "mae": 0.028564168688204317,
    "flops": 1,
    "nrmse": 0.09128318126971585
}