{
    "rmspe": 36.38483438341537,
    "rmse": 0.04292804893067665,
    "mse": 0.0018428173849945686,
    "mape": 9.663589509297958,
    "mae": 0.023400076390407868,
    "flops": 1,
    "nrmse": 0.07905551016717
}