{
    "rmspe": 30.525555155409016,
    "rmse": 0.04018885818086015,
    "mse": 0.0016151443218812896,
    "mape": 8.279924254110208,
    "mae": 0.021477906334138465,
    "flops": 1,
    "nrmse": 0.07401106655591633
}