{
    "rmspe": 45.331017219285094,
    "rmse": 0.046033434333187184,
    "mse": 0.0021190770765078565,
    "mape": 12.206018768728773,
    "mae": 0.026287007687177982,
    "flops": 1,
    "nrmse": 0.08477433115662611
}