{
    "rmspe": 37.84944813632532,
    "rmse": 0.04818427140596679,
    "mse": 0.0023217240109238684,
    "mape": 7.820808131805925,
    "mae": 0.020855603028703117,
    "flops": 1,
    "nrmse": 0.08873527339161191
}