{
    "rmspe": 37.04868740004068,
    "rmse": 0.04918489128665542,
    "mse": 0.0024191535308801123,
    "mape": 7.7313358209019505,
    "mae": 0.02049232626112268,
    "flops": 1,
    "nrmse": 0.09057799667211777
}