{
    "rmspe": 35.290002785206475,
    "rmse": 0.04396722511118891,
    "mse": 0.0019331168839779608,
    "mape": 8.178501644536661,
    "mae": 0.023876606096769896,
    "flops": 1,
    "nrmse": 0.08096923802460497
}