{
    "rmspe": 31.37824153387696,
    "rmse": 0.0423389190441359,
    "mse": 0.0017925840658258934,
    "mape": 7.609157552640515,
    "mae": 0.02213315629062606,
    "flops": 1,
    "nrmse": 0.07797057933766928
}