{
    "rmspe": 26.88479499338698,
    "rmse": 0.04653821259654913,
    "mse": 0.0021658052316816043,
    "mape": 8.250973594118046,
    "mae": 0.02607658785741196,
    "flops": 1,
    "nrmse": 0.0857039215788654
}