{
    "rmspe": 28.047087104323747,
    "rmse": 0.04581151313279694,
    "mse": 0.0020986947355164263,
    "mape": 8.267274100381421,
    "mae": 0.024846447140333995,
    "flops": 1,
    "nrmse": 0.08436564513080431
}