{
    "rmspe": 30.252122647379025,
    "rmse": 0.04403072297989138,
    "mse": 0.0019387045661319348,
    "mape": 8.299908441236395,
    "mae": 0.024163062309428267,
    "flops": 1,
    "nrmse": 0.08108617453883854
}