{
    "rmspe": 221.37683918517178,
    "rmse": 0.0678690397174784,
    "mse": 0.004606206552172662,
    "mape": 26.976688654158693,
    "mae": 0.040720262825641666,
    "flops": 1,
    "nrmse": 0.12498638286789256
}