{
    "rmspe": 31.22826900160458,
    "rmse": 0.04019174737954921,
    "mse": 0.0016153765574215008,
    "mape": 7.960371891649923,
    "mae": 0.020755222804522366,
    "flops": 1,
    "nrmse": 0.07401638725140629
}