{
    "rmspe": 30.97998623133656,
    "rmse": 0.042020521619323015,
    "mse": 0.0017657242371599928,
    "mape": 7.867109437187393,
    "mae": 0.02062791189982625,
    "flops": 1,
    "nrmse": 0.07738422446057845
}