{
    "rmspe": 328.4578964833763,
    "rmse": 0.05142394089103952,
    "mse": 0.0026444216967651266,
    "mape": 29.72898908406245,
    "mae": 0.03320192055572296,
    "flops": 1,
    "nrmse": 0.09470138949274264
}