{
    "rmspe": 43.31688483984901,
    "rmse": 0.04211988742514606,
    "mse": 0.0017740849167069768,
    "mape": 9.103696050435888,
    "mae": 0.021944699724384138,
    "flops": 1,
    "nrmse": 0.07756721471213165
}