{
    "rmspe": 27.034410881513786,
    "rmse": 0.040406588904421135,
    "mse": 0.0016326924268908894,
    "mape": 7.431076325284117,
    "mae": 0.021209863966080034,
    "flops": 1,
    "nrmse": 0.07441203547621311
}