{
    "rmspe": 32.67208665553381,
    "rmse": 0.04215322953364926,
    "mse": 0.0017768947601165199,
    "mape": 8.352649045503666,
    "mae": 0.02456727131758104,
    "flops": 1,
    "nrmse": 0.07762861692964278
}