{
    "rmspe": 42.23981329280016,
    "rmse": 0.05252748433065144,
    "mse": 0.002759136610106833,
    "mape": 12.850985045340607,
    "mae": 0.029183487649925715,
    "flops": 1,
    "nrmse": 0.09673365491787382
}