{
    "rmspe": 25.512349072446195,
    "rmse": 0.04640225631892263,
    "mse": 0.0021531693914869946,
    "mape": 8.407140218001025,
    "mae": 0.027079255197320993,
    "flops": 1,
    "nrmse": 0.08545354698332883
}