{
    "rmspe": 50.39172289819943,
    "rmse": 0.0654255544317421,
    "mse": 0.004280503172700848,
    "mape": 13.260269082944532,
    "mae": 0.039798235073658095,
    "flops": 1,
    "nrmse": 0.1204865050336634
}