{
    "rmspe": 32.520817737032345,
    "rmse": 0.04118280829818762,
    "mse": 0.0016960236993252711,
    "mape": 7.7584397582660465,
    "mae": 0.02110336903022033,
    "flops": 1,
    "nrmse": 0.07584150692214248
}