{
    "rmspe": 29.66268042115361,
    "rmse": 0.03938622073539898,
    "mse": 0.0015512743838175722,
    "mape": 8.142552992495673,
    "mae": 0.021155184853684457,
    "flops": 1,
    "nrmse": 0.0725329441089196
}