{
    "rmspe": 40.927636030041434,
    "rmse": 0.04771320153908535,
    "mse": 0.002276549601109377,
    "mape": 9.431243837119261,
    "mae": 0.02479373330547268,
    "flops": 1,
    "nrmse": 0.08786775973612684
}