{
    "rmspe": 29.662287390163712,
    "rmse": 0.03938557227289965,
    "mse": 0.0015512233032638015,
    "mape": 8.142575747367758,
    "mae": 0.021154233352138573,
    "flops": 1,
    "nrmse": 0.07253174991223502
}