{
    "rmspe": 61.554194928540305,
    "rmse": 0.041870019920489394,
    "mse": 0.0017530985681421785,
    "mape": 9.809504253039588,
    "mae": 0.023926881364350405,
    "flops": 1,
    "nrmse": 0.07710706328324353
}