{
    "rmspe": 86.31139975919314,
    "rmse": 0.09269315873002111,
    "mse": 0.00859202167534889,
    "mape": 26.85298873182663,
    "mae": 0.06504249155498903,
    "flops": 1,
    "nrmse": 0.170702026645607
}