{
    "rmspe": 24.59089014707455,
    "rmse": 0.047073366692431895,
    "mse": 0.0022159018517601565,
    "mape": 9.233269254903774,
    "mae": 0.031591389654654904,
    "flops": 1,
    "nrmse": 0.0866894515789915
}