{
    "rmspe": 75.0028973131777,
    "rmse": 0.047677033016144295,
    "mse": 0.002273099477222513,
    "mape": 10.11772439344634,
    "mae": 0.022095608185118982,
    "flops": 1,
    "nrmse": 0.08780115244545506
}