{
    "rmspe": 44.298379183997675,
    "rmse": 0.05233928362348281,
    "mse": 0.0027394006102193754,
    "mape": 8.592851176514385,
    "mae": 0.02194862671827807,
    "flops": 1,
    "nrmse": 0.09638706793594354
}