{
    "rmspe": 256.4878394618155,
    "rmse": 0.04866555388665495,
    "mse": 0.0023683361350949166,
    "mape": 25.13309997649952,
    "mae": 0.027926498783349876,
    "flops": 1,
    "nrmse": 0.08962159440999237
}