{
    "rmspe": 52.09638054622947,
    "rmse": 0.05131229171628842,
    "mse": 0.002632951281177481,
    "mape": 11.66381437787942,
    "mae": 0.02701623911122504,
    "flops": 1,
    "nrmse": 0.09449577841351689
}