{
    "rmspe": 36.384846196674864,
    "rmse": 0.04292805678268491,
    "mse": 0.00184281805913742,
    "mape": 9.663597053936218,
    "mae": 0.02340008725015334,
    "flops": 1,
    "nrmse": 0.07905552462728486
}