{
    "rmspe": 31.154903291854254,
    "rmse": 0.04060418422513682,
    "mse": 0.00164869977658885,
    "mape": 7.862758918121762,
    "mae": 0.020862183142645253,
    "flops": 1,
    "nrmse": 0.07477592340671398
}