{
    "rmspe": 40.50596377465153,
    "rmse": 0.04285508888632265,
    "mse": 0.0018365586434546147,
    "mape": 9.513603629523626,
    "mae": 0.025130822923738947,
    "flops": 1,
    "nrmse": 0.07892114828322927
}