{
    "rmspe": 61.088622227024715,
    "rmse": 0.04356474687469853,
    "mse": 0.0018978871702565552,
    "mape": 10.151287459723683,
    "mae": 0.0232376078505103,
    "flops": 1,
    "nrmse": 0.08022804146176299
}