{
    "rmspe": 59.04330414461953,
    "rmse": 0.05082149204607848,
    "mse": 0.002582824053789618,
    "mape": 10.680782596652245,
    "mae": 0.025487491727781836,
    "flops": 1,
    "nrmse": 0.09359193071289151
}