{
    "rmspe": 33.76529767802825,
    "rmse": 0.03985570379341848,
    "mse": 0.0015884771248687126,
    "mape": 7.643393641978921,
    "mae": 0.019938810699598394,
    "flops": 1,
    "nrmse": 0.07339753552621209
}