{
    "rmspe": 189.08953228393622,
    "rmse": 0.048143623251020236,
    "mse": 0.002317808459736176,
    "mape": 16.194289788306996,
    "mae": 0.026381668871449496,
    "flops": 1,
    "nrmse": 0.08866041649252844
}