{
    "rmspe": 39.03231147193167,
    "rmse": 0.04233853636614038,
    "mse": 0.0017925516616269911,
    "mape": 8.774682481800907,
    "mae": 0.02186762756058462,
    "flops": 1,
    "nrmse": 0.07796987460486825
}