{
    "rmspe": 36.00079074915336,
    "rmse": 0.04297782232883429,
    "mse": 0.0018470932121288472,
    "mape": 8.848249084974913,
    "mae": 0.022922562008381858,
    "flops": 1,
    "nrmse": 0.07914717194733756
}