{
    "rmspe": 35.99676329064423,
    "rmse": 0.042676725274676634,
    "mse": 0.0018213028801702233,
    "mape": 9.040634099235467,
    "mae": 0.022640957528080964,
    "flops": 1,
    "nrmse": 0.07859267711658703
}