{
    "rmspe": 41.48193529783178,
    "rmse": 0.04817813430500392,
    "mse": 0.002321132625110996,
    "mape": 8.281540927372996,
    "mae": 0.02193973092011998,
    "flops": 1,
    "nrmse": 0.08872397141866759
}