{
    "rmse": 0.8209385252470555,
    "mse": 0.170685513170728
}