{
    "rmspe": Infinity,
    "rmse": 0.16172741491927195,
    "mse": 0.02615575673647035,
    "mape": Infinity,
    "mae": 0.11723804183770606,
    "flops": 1,
    "nrmse": 0.18453104676555837
}