{
    "rmspe": 38.4826481079434,
    "rmse": 0.017227941061443656,
    "mse": 0.00029680195321657633,
    "mape": 11.289590888598976,
    "mae": 0.012495240094448896,
    "flops": 1,
    "nrmse": 0.05075486746621155
}